{
    "mean_reward": 6.8357380688124305,
    "std_reward": 2.437154422797137,
    "escape_rate": 0.9922308546059934,
    "detection_rate": 0.00776914539400666
}