{
    "rr_original": 0.0,
    "rr_rq1": 0.05033557046979864,
    "rr_rq2": 0.9731543624161074,
    "original_none_rate": 0.06201827862364243,
    "mutated_none_rate": 0.44743069965366045
}