{
    "mean_reward": 5.985571587125416,
    "std_reward": 2.652415486708609,
    "escape_rate": 0.9866814650388457,
    "detection_rate": 0.013318534961154272
}