{
    "rr_original": 0.0,
    "rr_rq1": 0.0,
    "rr_rq2": 0.9505061867266592,
    "original_none_rate": 0.06212961752353795,
    "mutated_none_rate": 0.45513793046702733
}