{
    "mean_reward": 6.659267480577136,
    "std_reward": 3.0190654110504274,
    "escape_rate": 0.9866814650388457,
    "detection_rate": 0.013318534961154272
}