{
    "rr_original": 0.0,
    "rr_rq1": 0.040494938132733416,
    "rr_rq2": 0.9763779527559056,
    "original_none_rate": 0.062030728785729065,
    "mutated_none_rate": 0.4484241585225064
}