{
    "mean_reward": 6.194228634850166,
    "std_reward": 3.475458591080369,
    "escape_rate": 0.9778024417314095,
    "detection_rate": 0.022197558268590455
}