{
    "rr_original": 0.0,
    "rr_rq1": 0.03178206583427923,
    "rr_rq2": 0.9772985244040863,
    "original_none_rate": 0.061639101077461185,
    "mutated_none_rate": 0.45847937518031395
}