{
    "mean_reward": 6.004439511653718,
    "std_reward": 2.4390420059356335,
    "escape_rate": 0.9877913429522752,
    "detection_rate": 0.01220865704772475
}