{
    "rr_original": 0.0,
    "rr_rq1": 0.09101123595505622,
    "rr_rq2": 0.9842696629213483,
    "original_none_rate": 0.0619037540331869,
    "mutated_none_rate": 0.486453138424644
}