{
    "mean_reward": 6.798002219755827,
    "std_reward": 2.5483637988029604,
    "escape_rate": 0.9900110987791343,
    "detection_rate": 0.009988901220865706
}