{
    "rr_original": 0.0,
    "rr_rq1": 0.053811659192825156,
    "rr_rq2": 0.9775784753363229,
    "original_none_rate": 0.0619822590060205,
    "mutated_none_rate": 0.4467513220772328
}