{
    "mean_reward": 6.276359600443951,
    "std_reward": 3.3932404013254005,
    "escape_rate": 0.978912319644839,
    "detection_rate": 0.021087680355160933
}