{
    "rr_original": 0.0,
    "rr_rq1": 0.09637188208616776,
    "rr_rq2": 0.9841269841269842,
    "original_none_rate": 0.06152978867704431,
    "mutated_none_rate": 0.46249970553798625
}