{
    "mean_reward": 5.961154273029967,
    "std_reward": 2.934664119728644,
    "escape_rate": 0.9822419533851277,
    "detection_rate": 0.017758046614872364
}