{
    "rr_original": 0.0,
    "rr_rq1": 0.001129943502824804,
    "rr_rq2": 0.9491525423728814,
    "original_none_rate": 0.06164747604882662,
    "mutated_none_rate": 0.45246037572060743
}