{
    "mean_reward": 6.084350721420644,
    "std_reward": 2.411494244166279,
    "escape_rate": 0.9866814650388457,
    "detection_rate": 0.013318534961154272
}