{
    "rr_original": 0.0,
    "rr_rq1": 0.0,
    "rr_rq2": 0.6996625421822272,
    "original_none_rate": 0.06235211718360791,
    "mutated_none_rate": 0.34010202498555603
}